Id,Slug,Twitter_Username
ejoxl3az-45w9pawy-3dr6y870-mgkbrvdn,staticjscms,StaticJsCMS
3z8arxve-ymko60yj-w58qgl5n-bj9w704d,chatmosphere,chatmosphereCC
zzaxon79-3jy8gplk-m4dqbrkd-emwl5v04,essentialsx,EssentialsXTeam
vjrkx5lm-nv904qjn-djzp8bwa-7zdygoe3,webrtc-rs,WebRTCrs
7ywz9j4a-vgod8pgk-8ny6mr35-nxklb0e7,jspm,jspm
03k0exgz-nm8yj640-97p5wao9-r7b4dlvr,bincrafters,bincrafters
jrkx5lmn-v904qjlk-8rb68bwa-7zdygoe3,macports,macports
z53kzxy4-v07wlr6m-byqmj9no-8agdbe57,sustainoss,sustainoss
vjrkx5lm-nv904qjw-mzp8bwa7-zdygoe3d,hexo,hexojs
8rzownxl-9e50pxy4-j9l6ymvb-dgk7j43a,design-tokens,DesignTokens
7ywz9j4a-vgod8pgw-xb36mr35-nxklb0e7,osca,oscafest
7mywxoz3-409rl6kg-dgypvenb-dj7gk85a,publii,GetPublii
ggnxdwzj-3le5mpwz-jz8py8rv-bko04a97,badgen,badgen_net
lk9mbw7y-48r3zq3g-4ojp0ej5-lavnodgx,ariakit,ariakitjs
3kzxy4v0-7wlr6mk9-dayqmj9n-o8agdbe5,opennbs,OpenNBS
dgm9bnk8-0437xqr4-wepvzeol-jdayw5re,bootstrap-vue,BootstrapVue
mlo94zn7-x08dpobz-w7mqewga-3vjbrky5,labelmake,labelmake
dgm9bnk8-0437xqry-7x5pvzeo-ljdayw5r,sous-chefs,souschefsorg
0n4gx0br-ov5m96nr-g8qd8lk3-ey7jzwan,shields,Shields_io
x8k03rey-d5agmq50-djoplbwo-z7j4nxv9,weblate,WeblateOrg
lk9mbw7y-48r3zq3a-8ddp0ej5-lavnodgx,ambition-fund,AmbitionFund
eeng0kzd-yvor4pzn-4kopbma8-37xlw95j,julialang,JuliaLanguage
n4gx0bro-v5m96n0y-kz4qd8lk-3ey7jzwa,reconmap,reconmap
bvrgbk35-7l4x96ea-7zpomewa-0jdyzn83,mvvmcross,MvvmCross
53kzxy4v-07wlr6m4-jbm6mj9n-o8agdbe5,filbert-js,filbert_js
eeng0kzd-yvor4pzz-vj9pbma8-37xlw95j,dairai,dair_ai
k3z8arxv-eymko60w-rnbpgl5n-bj9w704d,resonate,resonatecoop
dgm9bnk8-0437xqr3-0ooqvzeo-ljdayw5r,beauter,beauterio
0n4gx0br-ov5m96n5-7vg6d8lk-3ey7jzwa,web-scrobbler,web_scrobbler
mlo94zn7-x08dpob4-b7wqewga-3vjbrky5,climatemind,Climate_Mind
ov349mrw-gz75lpy9-e3nqa08d-jeybknox,lfortran,lfortranorg
n4gx0bro-v5m96n0r-7x8qd8lk-3ey7jzwa,tera-arise,TeraArise
ax8emk7l-nw54q75j-lvdpgyvj-0o93zdrb,evrimagaci,evrimagaci
x8k03rey-d5agmq5g-kge6lbwo-z7j4nxv9,luckysheet,luckysheet
5ax8emk7-lnw54q7z-amopgyvj-0o93zdrb,typegraphql,typegraphql
lk9mbw7y-48r3zq3b-a860ej5l-avnodgx7,electron,electronjs
ejoxl3az-45w9pawa-7zm6y870-mgkbrvdn,phlask-ecosystem,phlaskecosystem
0n4gx0br-ov5m96nj-arwpd8lk-3ey7jzwa,svelte,sveltejs
dgm9bnk8-0437xqr0-5d5qvzeo-ljdayw5r,denosaurs,denosaurs
ov349mrw-gz75lpyv-njnpa08d-jeybknox,kivymd,KivyMD
k3z8arxv-eymko60y-95wqgl5n-bj9w704d,midnight-lizard,MidnightLizard
nmlo94zn-7x08dpob-zoqewga3-vjbrky5m,flyimg,flyimg_
7mywxoz3-409rl6k8-44n6venb-dj7gk85a,nixos,nixos_org
ywz9j4av-god8pgmb-je3pmr35-nxklb0e7,mumuki,MumukiOrg
zaxon793-jy8gpl33-nnjpbrkd-emwl5v04,borgbackup,borgbackup
8k03reyd-5agmq50j-v5bplbwo-z7j4nxv9,reia,playreia
vrgbk357-l4x96ear-v3apomew-a0jdyzn8,nent,NENT_dev
4rxg0j35-lzkwm6v8-j9mqvoe9-8n47daby,codecareer,GitCodeCareer
8a47byg9-nxozdp8b-nn7pmjlv-03rek5w8,gbdev,gbdev0
03k0exgz-nm8yj64j-xl765wao-9r7b4dlv,cecil,Cecil_Static
88rzownx-l9e50pxa-j0k6ymvb-dgk7j43a,dhall,dhall_lang
ywz9j4av-god8pgmy-8w5pmr35-nxklb0e7,decidim,decidim_org
gnxdwzj3-le5mpwjn-a39qy8rv-bko04a97,heylinda,heylinda_app
ax8emk7l-nw54q75n-kyxpgyvj-0o93zdrb,schrodinger-hat,schrodinger_hat
vjrkx5lm-nv904qjw-o8op8bwa-7zdygoe3,moleculer,MoleculerJS
4rxg0j35-lzkwm6vv-bzy6voe9-8n47daby,obsproject,obsproject
vjrkx5lm-nv904qjl-d8o68bwa-7zdygoe3,peachcloud,peachcloudorg
dgm9bnk8-0437xqr7-ndepvzeo-ljdayw5r,zmkfirmware,ZMKFirmware
dlk9mbw7-y48r3zq3-9oq0ej5l-avnodgx7,preact,preactjs
03k0exgz-nm8yj640-nejp5wao-9r7b4dlv,pcp,performancepcp
8a47byg9-nxozdp8a-b9rqmjlv-03rek5w8,codehike,codehike_
zzaxon79-3jy8gpl3-drnpbrkd-emwl5v04,thpatch,thpatch
nmlo94zn-7x08dpok-boqewga3-vjbrky5m,redom,redomjs
lk9mbw7y-48r3zq3g-88lp0ej5-lavnodgx,kiwitcms,KiwiTcms
ywz9j4av-god8pgmj-y03pmr35-nxklb0e7,stdlib,stdlibjs
eeng0kzd-yvor4pzb-x00pbma8-37xlw95j,emplea_do,emplea_do
8k03reyd-5agmq5en-g4eqlbwo-z7j4nxv9,astrodotbuild,astrodotbuild
gnxdwzj3-le5mpwjn-4jeqy8rv-bko04a97,geysermc,geyser_mc
e0adkjrv-8xwm6974-9abq7z5n-4l93bgoy,cncnet,cncnetofficial
53kzxy4v-07wlr6mw-gabqmj9n-o8agdbe5,techphantoms,tech_phantoms
388rzown-xl9e50px-a36ymvbd-gk7j43a9,vapor,codevapor
rvedj9wr-oz3a56dk-e8zq7blg-8x4m0ykn,yarnpkg,yarnpkg
ov349mrw-gz75lpya-vlgpa08d-jeybknox,radareorg,radareorg
vjrkx5lm-nv904qjo-3az68bwa-7zdygoe3,colour-science,colour_science
vjrkx5lm-nv904qjy-5gnq8bwa-7zdygoe3,f-droid,fdroidorg
dgm9bnk8-0437xqr3-58jqvzeo-ljdayw5r,libretime,LibreTimeOSS
7ywz9j4a-vgod8pg3-e4yqmr35-nxklb0e7,css-doodle,css_doodle
re0adkjr-v8xwm697-3kq7z5n4-l93bgoyx,orchid,orchid_platform
eeng0kzd-yvor4pzz-8jbpbma8-37xlw95j,peercoin,peercoinPPC
3kzxy4v0-7wlr6mve-8bk6mj9n-o8agdbe5,doks,getdoks
nmlo94zn-7x08dpob-awqewga3-vjbrky5m,vuejs,vuejs
7ywz9j4a-vgod8pgj-j9pmr35n-xklb0e7a,fody,FodyProject
rxg0j35l-zkwm6v5m-8z0qvoe9-8n47daby,lucide-icons,lucide_icons
xggnxdwz-j3le5mpw-3v6y8rvb-ko04a97b,hospitalrun,HospitalRun
ov349mrw-gz75lpy5-gg56a08d-jeybknox,prettier,PrettierCode
0n4gx0br-ov5m96n0-bjqd8lk3-ey7jzwan,nest,nestframework
rvedj9wr-oz3a56dz-oazq7blg-8x4m0ykn,httparchive,HTTPArchive
v349mrwg-z75lpy70-y3rpa08d-jeybknox,stopmodreposts,StopModReposts
dgm9bnk8-0437xqrm-aepvzeol-jdayw5re,altair,AltairGraphQL
53kzxy4v-07wlr6mz-jbbqmj9n-o8agdbe5,hpy,HPyProject
0n4gx0br-ov5m96n0-55jqd8lk-3ey7jzwa,docusaurus,docusaurus
obvrgbk3-57l4x96e-rjqomewa-0jdyzn83,codebuddies,codebuddiesmeet
x8k03rey-d5agmq5a-w8k6lbwo-z7j4nxv9,namelessmc,NamelessMC_
ov349mrw-gz75lpyj-0o8pa08d-jeybknox,rita,ritasoftware
zzaxon79-3jy8gplw-enjqbrkd-emwl5v04,anonaddy,anonaddy
88rzownx-l9e50pxk-lojqymvb-dgk7j43a,anudeepnd,anudeepND
eeng0kzd-yvor4pzm-d30qbma8-37xlw95j,shirakumo,shirakumoco
nmlo94zn-7x08dpo8-yzwqewga-3vjbrky5,learnawesome,learn_awesome
mvrwng4k-j03dpbmx-zoaqz57o-yl9e8xba,auto_dl,auto_dl
gm9bnk80-437xqrn5-g056vzeo-ljdayw5r,csstree,csstree
7mywxoz3-409rl6kg-wgnpvenb-dj7gk85a,framework7,framework7io
eejoxl3a-z45w9par-nbeqy870-mgkbrvdn,gprmax,gprMax_fdtd
wov349mr-wgz75lpy-bz6a08dj-eybknoxd,phenomic,Phenomic_app
8a47byg9-nxozdp84-o7rqmjlv-03rek5w8,berty,berty
0n4gx0br-ov5m96n0-kzyqd8lk-3ey7jzwa,fider,getfider
4rxg0j35-lzkwm6v3-5oypvoe9-8n47daby,delta-chat,delta_chat
4rxg0j35-lzkwm6vg-jbx6voe9-8n47daby,mevn-cli,mevn_cli
rxg0j35l-zkwm6v5o-r5xqvoe9-8n47daby,jest-preview,JestPreview
3z8arxve-ymko60ya-yxbqgl5n-bj9w704d,prest,prestdhq
7mywxoz3-409rl6k8-j3w6venb-dj7gk85a,dragonetmc,DragonetMC
dgm9bnk8-0437xqr8-zve6vzeo-ljdayw5r,pgrouting,pgrouting
gnxdwzj3-le5mpwjk-gzeqy8rv-bko04a97,nextacular,nextacular
3kzxy4v0-7wlr6mvm-dne6mj9n-o8agdbe5,litestar,LitestarAPI
eeng0kzd-yvor4pzb-n80pbma8-37xlw95j,galio,galioframework
3kzxy4v0-7wlr6mva-yde6mj9n-o8agdbe5,vitest,vitest_dev
nmlo94zn-7x08dpo3-r03pewga-3vjbrky5,switchblade,SwitchbladeBot
gm9bnk80-437xqryg-m3jpvzeo-ljdayw5r,openbenches,openbenches
lk9mbw7y-48r3zq3b-vn60ej5l-avnodgx7,ory,OryCorp
4rxg0j35-lzkwm6vg-8ym6voe9-8n47daby,fuse-open,FuseOpen
3kzxy4v0-7wlr6mvy-e5k6mj9n-o8agdbe5,quiltmc,quilt_mc
re0adkjr-v8xwm695-b44p7z5n-4l93bgoy,dyne,DyneOrg
a47byg9n-xozdp8y7-7jmqmjlv-03rek5w8,hylo,hylo
eng0kzdy-vor4pzby-3w9pbma8-37xlw95j,aspect-build,aspect_build
53kzxy4v-07wlr6mv-gam6mj9n-o8agdbe5,ferret,montferretdev
7mywxoz3-409rl6kb-lnl6venb-dj7gk85a,openclimatefix,openclimatefix
k3z8arxv-eymko609-lw6gl5nb-j9w704dv,visjs,visjs
rmvrwng4-kj03dpbg-3glqz57o-yl9e8xba,tauri,TauriApps
ov349mrw-gz75lpym-4wrpa08d-jeybknox,grain,grain_lang
a47byg9n-xozdp8y8-w9mqmjlv-03rek5w8,thorium-sim,thoriumsim
8k03reyd-5agmq5ew-vkgqlbwo-z7j4nxv9,csstools,css_tools_
ywz9j4av-god8pgm5-g33pmr35-nxklb0e7,rema,HeyRemaCo
re0adkjr-v8xwm694-l44q7z5n-4l93bgoy,apiflask,apiflask
rdgm9bnk-80437xqr-9jqvzeol-jdayw5re,fakerjs,faker_js
bvrgbk35-7l4x96e7-zjjpomew-a0jdyzn8,renative,ReNative
v349mrwg-z75lpy7w-0j5pa08d-jeybknox,openml,open_ml
ggnxdwzj-3le5mpw4-m89qy8rv-bko04a97,headcrab,headcrab_rs
x8k03rey-d5agmq55-a0yqlbwo-z7j4nxv9,fablabbcn,fablabbcn
rxg0j35l-zkwm6v5k-3xxqvoe9-8n47daby,planby,planbyapp
53kzxy4v-07wlr6mz-jzeqmj9n-o8agdbe5,psl,PSLmodels
53kzxy4v-07wlr6mv-dbe6mj9n-o8agdbe5,isomorphic-git,IsomorphicGit
e0adkjrv-8xwm697g-yzoq7z5n-4l93bgoy,retrospring,retrospring
0n4gx0br-ov5m96n3-4wjqd8lk-3ey7jzwa,nextauth,nextauthjs
bvrgbk35-7l4x96ex-v9kqomew-a0jdyzn8,theabbie,theabbiee
3k0exgzn-m8yj64rr-nm9p5wao-9r7b4dlv,jsdelivr,jsdelivr
bvrgbk35-7l4x96en-g9k6omew-a0jdyzn8,devhub,devhub_app
88rzownx-l9e50pxm-e8w6ymvb-dgk7j43a,flybywire,flybywiresim
mlo94zn7-x08dpo0n-zxxpewga-3vjbrky5,chaibuilder,chaibuilder
n4gx0bro-v5m96nk0-vzg6d8lk-3ey7jzwa,kuma-ui,kuma__ui
88rzownx-l9e50pxd-b7j6ymvb-dgk7j43a,noice,trynoice
3kzxy4v0-7wlr6mkz-vb7qmj9n-o8agdbe5,servo,ServoDev
eng0kzdy-vor4pz8x-j8gpbma8-37xlw95j,sharppulsar,SharpPulsar
eng0kzdy-vor4pz8v-899pbma8-37xlw95j,decap,Decap_CMS
88rzownx-l9e50pxv-3vb6ymvb-dgk7j43a,libreelec,LibreELEC
5ax8emk7-lnw54q7e-rxdpgyvj-0o93zdrb,sunpy,SunPyProject
88rzownx-l9e50px4-8el6ymvb-dgk7j43a,simplelogin,simple_login
53kzxy4v-07wlr6mb-d9yqmj9n-o8agdbe5,chaoss,chaossproj
re0adkjr-v8xwm69g-wkkq7z5n-4l93bgoy,bookwyrm,BookWyrmSocial
53kzxy4v-07wlr6md-exm6mj9n-o8agdbe5,suitecrm,SuiteCRM
5ax8emk7-lnw54q7b-3bypgyvj-0o93zdrb,librepcb,librepcb
ejoxl3az-45w9pawr-rlm6y870-mgkbrvdn,attendize,attendize
ywz9j4av-god8pgmb-a5ypmr35-nxklb0e7,cadsketcher,CADsketcher
5ax8emk7-lnw54q7z-aeopgyvj-0o93zdrb,sindresorhus,sindresorhus
k3z8arxv-eymko60y-73wqgl5n-bj9w704d,eslint,geteslint
zaxon793-jy8gpl3m-gl9pbrkd-emwl5v04,codenteq,codenteq
nmlo94zn-7x08dpo0-bwwpewga-3vjbrky5,farmos,farmOSorg
nmlo94zn-7x08dpoe-b0eqewga-3vjbrky5,wintercms,usewintercms
88rzownx-l9e50pxj-ax36ymvb-dgk7j43a,privacyguides,privacy_guides
x8k03rey-d5agmq50-0moplbwo-z7j4nxv9,ionide,IonideProject
dgm9bnk8-0437xqr3-kw5qvzeo-ljdayw5r,dbatools,psdbatools
gm9bnk80-437xqrym-ooepvzeo-ljdayw5r,dfir-iris,dfir_iris
7ywz9j4a-vgod8pgy-95epmr35-nxklb0e7,zrythm,zrythmdaw
k3z8arxv-eymko60y-a5qgl5nb-j9w704dv,stylelint,stylelint
bvrgbk35-7l4x96en-a3a6omew-a0jdyzn8,casbin,casbinNews
re0adkjr-v8xwm697-8boq7z5n-4l93bgoy,unified,unifiedjs
zzaxon79-3jy8gply-9jj6brkd-emwl5v04,onelang,onelangteam
nmlo94zn-7x08dpod-wlm6ewga-3vjbrky5,infection,infection_php
zaxon793-jy8gpl3y-ry3pbrkd-emwl5v04,ronin-rb,ronin_rb
vrgbk357-l4x96ea0-oo4pomew-a0jdyzn8,ecosystems,ecosyste_ms
rxg0j35l-zkwm6v5o-zzxqvoe9-8n47daby,scoopinstaller,ScoopInstaller
7mywxoz3-409rl6ka-obbpvenb-dj7gk85a,grida,grida_co
vjrkx5lm-nv904qjy-nlkq8bwa-7zdygoe3,typedclojure,typedclojure
eeng0kzd-yvor4pzj-owgqbma8-37xlw95j,pranavpandeydev,pranavpandeydev
3kzxy4v0-7wlr6mvz-l4m6mj9n-o8agdbe5,resilience-web,ResilienceWeb
88rzownx-l9e50pxm-o3j6ymvb-dgk7j43a,solid,solid_js
rdgm9bnk-80437xqr-k6vzeolj-dayw5re7,yeoman,yeoman
k3z8arxv-eymko60y-dn5qgl5n-bj9w704d,rocketmod,RocketMod
eeng0kzd-yvor4pz8-mr9pbma8-37xlw95j,commonknowledge,commonknowledge
ggnxdwzj-3le5mpw5-zx9py8rv-bko04a97,single-spa,Single_spa
ov349mrw-gz75lpye-jeg6a08d-jeybknox,codingcoach-io,codingcoach_io
vedj9wro-z3a56d30-a3op7blg-8x4m0ykn,amberelec,Amber_ELEC
eejoxl3a-z45w9pa8-rne6y870-mgkbrvdn,sorry-cypress,sorrycypress
nmlo94zn-7x08dpoa-rrw6ewga-3vjbrky5,codeceptjs,CodeceptJS
mlo94zn7-x08dpob8-v0xqewga-3vjbrky5,mongock,mongockTeam
rxg0j35l-zkwm6v53-k5yqvoe9-8n47daby,orthanc,orthancserver
rmvrwng4-kj03dpbm-g09qz57o-yl9e8xba,captainfact_io,CaptainFact_io
re0adkjr-v8xwm69e-webp7z5n-4l93bgoy,weg-li,weg_li
ov349mrw-gz75lpy7-ob8pa08d-jeybknox,marktext,marktextapp
03k0exgz-nm8yj64g-53865wao-9r7b4dlv,zulip,zulip
rvedj9wr-oz3a56dk-vmlq7blg-8x4m0ykn,data-umbrella,DataUmbrella
rmvrwng4-kj03dpbm-ddzqz57o-yl9e8xba,jellyfin,jellyfin
mlo94zn7-x08dpobg-35mqewga-3vjbrky5,fisker,fisker
53kzxy4v-07wlr6mv-79e6mj9n-o8agdbe5,pnpm,pnpmjs
x8k03rey-d5agmq5e-xkqlbwoz-7j4nxv9z,universalviewer,universalviewer
3k0exgzn-m8yj64g8-gg765wao-9r7b4dlv,tresjs,tresjs_dev
nmlo94zn-7x08dpor-ke3pewga-3vjbrky5,vueuse,vueuse
eeng0kzd-yvor4pz8-ab9pbma8-37xlw95j,lucee,lucee_server
53kzxy4v-07wlr6mn-zkqmj9no-8agdbe57,vuesax,vuesax
53kzxy4v-07wlr6mv-v3e6mj9n-o8agdbe5,gitea,giteaio
53kzxy4v-07wlr6m0-dkpmj9no-8agdbe57,revery,reveryui
7ywz9j4a-vgod8pgm-37jpmr35-nxklb0e7,flarum,Flarum
lk9mbw7y-48r3zq3d-zgjp0ej5-lavnodgx,openinput,openinputfw
8a47byg9-nxozdp8y-rjmqmjlv-03rek5w8,keepassxc,KeePassXC
bvrgbk35-7l4x96en-9zz6omew-a0jdyzn8,mspaintide,MSPaintIDE
4rxg0j35-lzkwm6vn-b5rqvoe9-8n47daby,yew,yewstack
rmvrwng4-kj03dpbk-zzapz57o-yl9e8xba,flatgeobuf,flatgeobuf
eng0kzdy-vor4pzbz-kb9pbma8-37xlw95j,playframework,playframework
xggnxdwz-j3le5mpw-58py8rvb-ko04a97b,gulpjs,gulpjs
88rzownx-l9e50pxm-raj6ymvb-dgk7j43a,cake,cakebuildnet
ov349mrw-gz75lpyk-gzz6a08d-jeybknox,mimium,mimium_lang
4rxg0j35-lzkwm6vg-mjx6voe9-8n47daby,orangopus,Orangopus
eeng0kzd-yvor4pz0-zwr6bma8-37xlw95j,catalyst,catalyst_core
rmvrwng4-kj03dpbg-x5aqz57o-yl9e8xba,editorskit,editorskit
zzaxon79-3jy8gplo-yvjpbrkd-emwl5v04,trefle,trefle_api
dgm9bnk8-0437xqr8-dej6vzeo-ljdayw5r,regolith,RegolithL
53kzxy4v-07wlr6m3-a3kpmj9n-o8agdbe5,logchimp,logchimp
v349mrwg-z75lpy5j-g586a08d-jeybknox,api-platform,apiplatform/
lk9mbw7y-48r3zq3x-wnq0ej5l-avnodgx7,sciencefair,ScienceFairApp
ggnxdwzj-3le5mpw4-envqy8rv-bko04a97,natives-in-tech,nativesintech
zzaxon79-3jy8gplk-0djqbrkd-emwl5v04,pygad,PyGADLib
ywz9j4av-god8pgw3-9a56mr35-nxklb0e7,sveltevietnam,sveltevietnam
eejoxl3a-z45w9paw-84e6y870-mgkbrvdn,assemblyscript,AssemblyScript
3k3z8arx-veymko60-vaqgl5nb-j9w704dv,democracyearth,DemocracyEarth
03k0exgz-nm8yj64v-vd965wao-9r7b4dlv,chillicream,Chilli_Cream
0n4gx0br-ov5m96ng-v54pd8lk-3ey7jzwa,awesdotio,awesdotio
eejoxl3a-z45w9paw-djr6y870-mgkbrvdn,nuke,nukebuildnet
jrkx5lmn-v904qjwn-demp8bwa-7zdygoe3,frontenddogma,frontenddogma
3zzaxon7-93jy8gpl-g96brkde-mwl5v04o,feathers,feathersjs
lk9mbw7y-48r3zq3g-wop0ej5l-avnodgx7,typeorm,typeormjs
gm9bnk80-437xqryw-bojpvzeo-ljdayw5r,bugbakery,bugbakery
x8k03rey-d5agmq5y-l8b6lbwo-z7j4nxv9,dataproofer,dataproofer
x8k03rey-d5agmq5w-9zkqlbwo-z7j4nxv9,openrpc,open_rpc
lk9mbw7y-48r3zq3g-j7jp0ej5-lavnodgx,htmlhint,HTMLHint
vjrkx5lm-nv904qjy-07nq8bwa-7zdygoe3,hydra,Hydra_Framework
eejoxl3a-z45w9pal-xrrqy870-mgkbrvdn,sudo-project,SudoProject
ov349mrw-gz75lpy7-0gpa08dj-eybknoxd,localstack,_localstack
eejoxl3a-z45w9par-9eeqy870-mgkbrvdn,cpeditor,cpeditor_
8rzownxl-9e50pxye-kej6ymvb-dgk7j43a,openprivacytech,openprivacytech
ov349mrw-gz75lpy4-xrpa08dj-eybknoxd,codesandbox,codesandbox
k3z8arxv-eymko60y-7n8qgl5n-bj9w704d,crystal-lang,CrystalLanguage
rvedj9wr-oz3a56dx-3lp7blg8-x4m0ykny,ghost,Ghost
rxg0j35l-zkwm6v59-x0bqvoe9-8n47daby,hadronepoch,Hadronepoch
ggnxdwzj-3le5mpwa-0w0qy8rv-bko04a97,chakra-ui,chakra_ui
re0adkjr-v8xwm697-bwmq7z5n-4l93bgoy,bagisto,BagistoShop
ejoxl3az-45w9pa59-8zw6y870-mgkbrvdn,fastify,fastifyjs
vedj9wro-z3a56d3n-rg5p7blg-8x4m0ykn,wolvic,WolvicXr
xrmvrwng-4kj03dpb-w9pz57oy-l9e8xbaj,cdnjs,cdnjs
ggnxdwzj-3le5mpwj-rkjqy8rv-bko04a97,instapy,InstaPy
4rxg0j35-lzkwm6vx-v7ypvoe9-8n47daby,assistantnms,AssistantNMS
n4gx0bro-v5m96n0a-zeyqd8lk-3ey7jzwa,fossbilling,FOSSBilling
0n4gx0br-ov5m96ng-jljpd8lk-3ey7jzwa,einsteinpy,EinsteinPy
k3z8arxv-eymko60v-yabqgl5n-bj9w704d,mediasoup,mediasoup_sfu
4rxg0j35-lzkwm6vn-yyrqvoe9-8n47daby,starship,StarshipPrompt
mlo94zn7-x08dpob9-5xwqewga-3vjbrky5,teledrive,teledriveapp
bvrgbk35-7l4x96eo-5yjqomew-a0jdyzn8,shuffle,shuffleio
x8k03rey-d5agmq5w-ndkqlbwo-z7j4nxv9,modern-web,modern_web_dev
8a47byg9-nxozdp8k-5ybpmjlv-03rek5w8,flatpak,FlatpakApps
vjrkx5lm-nv904qj5-oakp8bwa-7zdygoe3,orbitdb,orbit_db
9eeng0kz-dyvor4pz-oo6bma83-7xlw95jl,grapesjs,grapesjs
rvedj9wr-oz3a56d7-nwz67blg-8x4m0ykn,mongoke,mongoke_
ov349mrw-gz75lpyx-r48qa08d-jeybknox,tidalcycles,tidalcycles
eejoxl3a-z45w9paj-jzkpy870-mgkbrvdn,pytorch-ignite,pytorch_ignite
k3z8arxv-eymko607-3wqgl5nb-j9w704dv,accounts-js,accountsjs
4rxg0j35-lzkwm6vj-eym6voe9-8n47daby,webdriverio,webdriverio
ggnxdwzj-3le5mpwx-d0j6y8rv-bko04a97,wponion,wponion
0n4gx0br-ov5m96n0-4wqd8lk3-ey7jzwan,tosdr,ToSDR
k3z8arxv-eymko60w-kzbpgl5n-bj9w704d,pixijs,PixiJS
gnxdwzj3-le5mpwjx-e89qy8rv-bko04a97,homebrew,MacHomebrew
rvedj9wr-oz3a56dw-gxlq7blg-8x4m0ykn,maplibre,maplibre
rvedj9wr-oz3a56d4-kll67blg-8x4m0ykn,sketch-sh,sketch_sh
4rxg0j35-lzkwm6vr-nxrpvoe9-8n47daby,postcss,postcss
eejoxl3a-z45w9pa5-7dm6y870-mgkbrvdn,urduhack,urduhack
ov349mrw-gz75lpya-dk5pa08d-jeybknox,coopcycle,coopcycle
eejoxl3a-z45w9pa5-93m6y870-mgkbrvdn,asyncapi,AsyncAPISpec
k3z8arxv-eymko60x-yza6gl5n-bj9w704d,hoppscotch,hoppscotch_io
7mywxoz3-409rl6km-vxlpvenb-dj7gk85a,sketchize,sketchizedesign
re0adkjr-v8xwm69y-yobq7z5n-4l93bgoy,sweidproject,sweidproject
vedj9wro-z3a56dg3-v0o67blg-8x4m0ykn,duostories,DuostoriesNews
mvrwng4k-j03dpbm5-n3xqz57o-yl9e8xba,maz-ui,maz__ui
rmvrwng4-kj03dpb3-zxx6z57o-yl9e8xba,komiser,komiseree
7ywz9j4a-vgod8pgm-39pmr35n-xklb0e7a,cucumber,cucumberbdd
8a47byg9-nxozdp8y-87qmjlv0-3rek5w8k,kendraio,kendraio
3kzxy4v0-7wlr6mve-8we6mj9n-o8agdbe5,xmonad,xmonad
x8k03rey-d5agmq5b-45yqlbwo-z7j4nxv9,gqless,gqlessdev
eeng0kzd-yvor4pzb-kr9pbma8-37xlw95j,devstaff,devstaff_gr
03k0exgz-nm8yj64o-jmp5wao9-r7b4dlvr,erxes,ErxesHQ
ggnxdwzj-3le5mpwj-e0eqy8rv-bko04a97,libreops,libreops
x8k03rey-d5agmq5x-o4gplbwo-z7j4nxv9,gomint,gomint
lk9mbw7y-48r3zq3z-5860ej5l-avnodgx7,opsdroid,opsdroid
dgm9bnk8-0437xqrn-jwo6vzeo-ljdayw5r,ohmyzsh,ohmyzsh
8a47byg9-nxozdp8y-gw7qmjlv-03rek5w8,letterpad,letterpad_cms
4rxg0j35-lzkwm6vz-rxqvoe98-n47dabyo,activitywatch,ActivityWatchIt
53kzxy4v-07wlr6mv-y8b6mj9n-o8agdbe5,koin,insertkoin_io
eejoxl3a-z45w9pa7-agrpy870-mgkbrvdn,projectwallace,projectwallace
vjrkx5lm-nv904qjw-4eop8bwa-7zdygoe3,manyverse,manyver_se
03k0exgz-nm8yj64g-5wj65wao-9r7b4dlv,swc,swc_rs
53kzxy4v-07wlr6mk-j7eqmj9n-o8agdbe5,filips123,123filips123
mywxoz34-09rl6kgv-a84pvenb-dj7gk85a,brainsatplay,brainsatplay
dgm9bnk8-0437xqry-k5pvzeol-jdayw5re,ngrx,ngrx_io
gm9bnk80-437xqryg-dl5pvzeo-ljdayw5r,deca-ui,deca_ui
re0adkjr-v8xwm694-xn4q7z5n-4l93bgoy,deckdeckgo,deckdeckgo
lk9mbw7y-48r3zq3x-948q0ej5-lavnodgx,endoflife-date,endoflife_date
nmlo94zn-7x08dpo3-doxpewga-3vjbrky5,pytest,pytestdotorg
bvrgbk35-7l4x96en-9ga6omew-a0jdyzn8,delirvfx,DelirVFX
gnxdwzj3-le5mpwjm-anjqy8rv-bko04a97,konstaui,konstaui
lk9mbw7y-48r3zq3v-v0dp0ej5-lavnodgx,windicss,windi_css
gm9bnk80-437xqry8-79mpvzeo-ljdayw5r,pseudotv-live,PseudoTV_Live
5ax8emk7-lnw54q7w-57mpgyvj-0o93zdrb,grey-software,grey_software
rxg0j35l-zkwm6vv5-nlx6voe9-8n47daby,mapstruct,GetMapStruct
eeng0kzd-yvor4pzo-y96bma83-7xlw95jl,anonydog,theanonydog
ax8emk7l-nw54q75d-rjmpgyvj-0o93zdrb,vox-pupuli,voxpupuliorg
3kzxy4v0-7wlr6mve-ojk6mj9n-o8agdbe5,openbeta,openbetahq
xggnxdwz-j3le5mpw-v0qy8rvb-ko04a97b,octobox,octoboxio
x8k03rey-d5agmq55-e5gqlbwo-z7j4nxv9,emmet,emmetio
5ax8emk7-lnw54q7x-bow6gyvj-0o93zdrb,linuxserver,linuxserverio
eejoxl3a-z45w9pao-3bkqy870-mgkbrvdn,vue-a11y,vue_a11y
eeng0kzd-yvor4pzk-yrgpbma8-37xlw95j,js-org,JS_ORG
03k0exgz-nm8yj64e-m8q5wao9-r7b4dlvr,tenancy,laraveltenancy
0n4gx0br-ov5m96nd-jj4pd8lk-3ey7jzwa,insurgo,InsurgoTech
8k03reyd-5agmq5ed-m3gqlbwo-z7j4nxv9,rustmagazine,rustmagazineorg
e0adkjrv-8xwm697j-elmq7z5n-4l93bgoy,pyodide,pyodide
eng0kzdy-vor4pzbv-dropbma8-37xlw95j,blazorise,Blazorise
eeng0kzd-yvor4pzb-l80pbma8-37xlw95j,doctoolchain,docToolchain
v349mrwg-z75lpy7g-k35pa08d-jeybknox,react-admin,ReactAdmin
rmvrwng4-kj03dpbg-0z9qz57o-yl9e8xba,criticalmaps,criticalmaps
03k0exgz-nm8yj64z-x7q5wao9-r7b4dlvr,material-theme,materialtheme
eeng0kzd-yvor4pzm-d30qbma8-37xlw95j,shirakumo,shirakumoco
vjrkx5lm-nv904qjk-8okp8bwa-7zdygoe3,vega-strike,vega_strike
703k0exg-znm8yj64-e7q5wao9-r7b4dlvr,techqueria,Techqueria
re0adkjr-v8xwm69o-x4l67z5n-4l93bgoy,tastyigniter,TastyIgniter
a47byg9n-xozdp8yj-0e7qmjlv-03rek5w8,linearmouse,linearmouse
n4gx0bro-v5m96n0e-ljwqd8lk-3ey7jzwa,spacedrive,spacedriveapp
ov349mrw-gz75lpyw-bbn6a08d-jeybknox,numpy,numpy_team
4rxg0j35-lzkwm6vj-0l06voe9-8n47daby,ospic,ospicapp
3kzxy4v0-7wlr6mv8-yem6mj9n-o8agdbe5,ventoy,ventoy6
dgm9bnk8-0437xqr8-mlo6vzeo-ljdayw5r,blitzjs,blitz_js
0n4gx0br-ov5m96nk-39y6d8lk-3ey7jzwa,contribkanban,ContribKanban
7mywxoz3-409rl6kb-okw6venb-dj7gk85a,browserslist,browserslist
re0adkjr-v8xwm69l-0dk67z5n-4l93bgoy,dahliaos,dahliaos_io
e0adkjrv-8xwm697v-zy4q7z5n-4l93bgoy,coreui,core_ui
7mywxoz3-409rl6ko-mlbqvenb-dj7gk85a,getwidget,getwidgetdev
n4gx0bro-v5m96n0j-l58qd8lk-3ey7jzwa,master-co,mastercorg
3k0exgzn-m8yj64rx-l5mp5wao-9r7b4dlv,capgo,Capgo_app
lk9mbw7y-48r3zq30-548q0ej5-lavnodgx,netbootxyz,netbootxyz
ggnxdwzj-3le5mpwa-07jqy8rv-bko04a97,oppr,opprGroup
88rzownx-l9e50pxy-bvw6ymvb-dgk7j43a,osjs,osjsorg
5ax8emk7-lnw54q7b-kawpgyvj-0o93zdrb,castopod,castopod
3k0exgzn-m8yj64rk-5m5p5wao-9r7b4dlv,webqit,WebQit_Inc
lk9mbw7y-48r3zq3o-wllq0ej5-lavnodgx,greenshot,greenshot_tool
bvrgbk35-7l4x96ed-50kpomew-a0jdyzn8,bcneng,bcn_eng
8a47byg9-nxozdp8y-d89qmjlv-03rek5w8,bootstrap,getbootstrap
3k3z8arx-veymko60-o86gl5nb-j9w704dv,grav,getgrav
0n4gx0br-ov5m96ng-neypd8lk-3ey7jzwa,glpi-project,GLPI_PROJECT
v349mrwg-z75lpy5o-95n6a08d-jeybknox,microcks,microcksio
dgm9bnk8-0437xqrx-rd5qvzeo-ljdayw5r,buskill,BusKillin
ov349mrw-gz75lpy7-ae8pa08d-jeybknox,skylines,skylinesproject
ywz9j4av-god8pgma-0a3pmr35-nxklb0e7,capawesome,capawesomeio
5ax8emk7-lnw54q7x-4bw6gyvj-0o93zdrb,nanoframework,nanoFramework
88rzownx-l9e50px3-m4wpymvb-dgk7j43a,kornia,kornia_foss
y4rxg0j3-5lzkwm6v-dy6voe98-n47dabyo,phalcon,phalconphp
3z8arxve-ymko60vv-w5bqgl5n-bj9w704d,biome,biomejs
jrkx5lmn-v904qjwg-0ykp8bwa-7zdygoe3,nextui,getnextui
ov349mrw-gz75lpy7-w5rpa08d-jeybknox,mint,mint_lang
vedj9wro-z3a56d3e-a75p7blg-8x4m0ykn,datarhei,datarhei
53kzxy4v-07wlr6me-d3yqmj9n-o8agdbe5,kumbiaphp,KumbiaPHP
gm9bnk80-437xqry0-w0opvzeo-ljdayw5r,project-error,_ProjectError
n4gx0bro-v5m96n0e-454qd8lk-3ey7jzwa,leafletjs,LeafletJS
eeng0kzd-yvor4pzk-garpbma8-37xlw95j,responsively,ResponsivelyApp
x8k03rey-d5agmq5e-4bqlbwoz-7j4nxv9z,sixlabors,SixLabors
8rzownxl-9e50pxyx-b036ymvb-dgk7j43a,vikunja,vikunja
53kzxy4v-07wlr6mx-nl7pmj9n-o8agdbe5,surjithctly,surjithctly
mvrwng4k-j03dpb9m-04z6z57o-yl9e8xba,horizon_sim,Horizon_Sim
dgm9bnk8-0437xqrj-5vkpvzeo-ljdayw5r,pionir,pioniredu
03k0exgz-nm8yj64v-ky565wao-9r7b4dlv,kmon,kmonitor_
03k0exgz-nm8yj640-kgjp5wao-9r7b4dlv,kevinrwhitley,kevinrwhitley
7ywz9j4a-vgod8pgd-ylepmr35-nxklb0e7,mautic,MauticCommunity
gnxdwzj3-le5mpwjo-8bvqy8rv-bko04a97,komapper,komapper
mlo94zn7-x08dpobz-57mqewga-3vjbrky5,rillrate,rillrate
53kzxy4v-07wlr6mr-90ypmj9n-o8agdbe5,existdb,existdb
ov349mrw-gz75lpyx-oxzqa08d-jeybknox,vignette,vignette_org
v349mrwg-z75lpy7x-4v5pa08d-jeybknox,mathesar,mathesar_org
rxg0j35l-zkwm6v5o-9lrqvoe9-8n47daby,classicpress,GetClassicPress
5ax8emk7-lnw54q74-vryqgyvj-0o93zdrb,keeweb,kee_web
k3z8arxv-eymko60l-nnm6gl5n-bj9w704d,effector,EffectorJS
nmlo94zn-7x08dpog-zxw6ewga-3vjbrky5,banchan-art,BanchanArt
rvedj9wr-oz3a56db-w0aq7blg-8x4m0ykn,athens,athensresearch
03k0exgz-nm8yj647-99j65wao-9r7b4dlv,leaf,leafphp
4rxg0j35-lzkwm6v3-zb0pvoe9-8n47daby,opendevufcg,opendevufcg
n4gx0bro-v5m96n08-rngqd8lk-3ey7jzwa,pybamm,pybamm_
ejoxl3az-45w9pawr-l0r6y870-mgkbrvdn,tsparticles,tsParticles
rvedj9wr-oz3a56d4-07g67blg-8x4m0ykn,veloren,velorenproject
5ax8emk7-lnw54q77-aoqgyvj0-o93zdrbn,rollup,rollupjs
5ax8emk7-lnw54q75-yopgyvj0-o93zdrbn,idyll,idyll_lang
zzaxon79-3jy8gplg-e36brkde-mwl5v04o,spyder,Spyder_IDE
ynmlo94z-n7x08dpo-j36ewga3-vjbrky5m,dokku,dokku
7ywz9j4a-vgod8pgw-mv36mr35-nxklb0e7,nannou,nannoucc
e0adkjrv-8xwm697a-kmkq7z5n-4l93bgoy,srs-server,srs_server
3k0exgzn-m8yj64rk-ny7p5wao-9r7b4dlv,asteroidos,AsteroidOS
bvrgbk35-7l4x96ek-nya6omew-a0jdyzn8,reach4help,reach4helporg
3k0exgzn-m8yj64r7-zn7p5wao-9r7b4dlv,agroecology-map,AgroecologyMap
dgm9bnk8-0437xqr8-m7k6vzeo-ljdayw5r,openipc,openipc
bvrgbk35-7l4x96e9-kdjqomew-a0jdyzn8,rust-lang-ru,RustLangRu
rxg0j35l-zkwm6v5w-w8rqvoe9-8n47daby,woodpecker-ci,woodpeckerci
rmvrwng4-kj03dpbl-34a6z57o-yl9e8xba,swiftwasm,SwiftWasm
8a47byg9-nxozdp8y-e7vqmjlv-03rek5w8,kitspace,kitspaceorg
eejoxl3a-z45w9pa5-5gk6y870-mgkbrvdn,sunrise-choir,sunrise_choir
zzaxon79-3jy8gply-rjr6brkd-emwl5v04,atata,AtataFramework
zaxon793-jy8gpl38-ogrpbrkd-emwl5v04,numldesign,numldesign
03k0exgz-nm8yj64w-589q5wao-9r7b4dlv,docksal,docksalio
8a47byg9-nxozdp8y-bbqmjlv0-3rek5w8k,storybook,storybookjs
7mywxoz3-409rl6km-gmbpvenb-dj7gk85a,gitthermal,gitthermal
eeng0kzd-yvor4pz0-ako6bma8-37xlw95j,mudblazor,MudBlazor
7ywz9j4a-vgod8pgj-73pmr35n-xklb0e7a,verdaccio,verdaccio_npm
7ywz9j4a-vgod8pgw-ywj6mr35-nxklb0e7,devshop,opendevshop
53kzxy4v-07wlr6me-jjmqmj9n-o8agdbe5,emberjs,emberjs
4rxg0j35-lzkwm6v3-v5xpvoe9-8n47daby,nativescript,NativeScript
8a47byg9-nxozdp8a-vjrqmjlv-03rek5w8,rough,roughlib
03k0exgz-nm8yj647-zg565wao-9r7b4dlv,dflydev,dflydev
mywxoz34-09rl6k3b-yewqvenb-dj7gk85a,php_codesniffer,php_codesniffer
ggnxdwzj-3le5mpwr-9b86y8rv-bko04a97,jreleaser,jreleaser
ov349mrw-gz75lpya-yrgpa08d-jeybknox,codeception,codeception
rmvrwng4-kj03dpb3-xrx6z57o-yl9e8xba,premake,premakeapp
mvrwng4k-j03dpbmv-xg0qz57o-yl9e8xba,notesnook,notesnook
y4rxg0j3-5lzkwm6v-wrqvoe98-n47dabyo,bevry,BevryMe
7mywxoz3-409rl6kr-3ewqvenb-dj7gk85a,fontisto,fontisto
x8k03rey-d5agmq5n-v8yqlbwo-z7j4nxv9,dotenv-linter,dotenv_linter
rvedj9wr-oz3a56d3-boap7blg-8x4m0ykn,cheton,cheton
k3z8arxv-eymko60m-3wqgl5nb-j9w704dv,ccxt,ccxt_official
ov349mrw-gz75lpye-456a08dj-eybknoxd,goreleaser,GoReleaser
eejoxl3a-z45w9paw-o7r6y870-mgkbrvdn,xlayers,xlayers_
eejoxl3a-z45w9paw-yde6y870-mgkbrvdn,kivy,kivyframework
88rzownx-l9e50px8-rwlqymvb-dgk7j43a,javaistic,javaistic
lk9mbw7y-48r3zq3g-o8jp0ej5-lavnodgx,sopel,SopelIRC
ax8emk7l-nw54q75w-gxdpgyvj-0o93zdrb,shopyo,shopyoproject
gm9bnk80-437xqryd-ey5pvzeo-ljdayw5r,cinny,cinnyapp
lk9mbw7y-48r3zq3y-4op0ej5l-avnodgx7,strapi,strapijs
obvrgbk3-57l4x96e-4jpomewa-0jdyzn83,qubes-os,QubesOS
x8k03rey-d5agmq5x-84yplbwo-z7j4nxv9,osmedeus,OsmedeusEngine
re0adkjr-v8xwm695-0emp7z5n-4l93bgoy,manjaro,ManjaroLinux
lk9mbw7y-48r3zq37-xmlp0ej5-lavnodgx,yorkie,team_yorkie
mlo94zn7-x08dpobm-38eqewga-3vjbrky5,boa,boa_engine
dgm9bnk8-0437xqry-ejpvzeol-jdayw5re,babel,babeljs
eeng0kzd-yvor4pz3-oo6bma83-7xlw95jl,thelounge,TheLoungeChat
zaxon793-jy8gpl3b-rwjpbrkd-emwl5v04,mue,getmue
7mywxoz3-409rl6ka-d3wpvenb-dj7gk85a,jaredsburrows,jaredsburrows
53kzxy4v-07wlr6mv-azk6mj9n-o8agdbe5,dribdat,dribdat
nmlo94zn-7x08dpob-8mqewga3-vjbrky5m,nerves-project,nervesproject
8a47byg9-nxozdp8g-v7vqmjlv-03rek5w8,consento,ConsentoOrg
k9mbw7y4-8r3zq3gj-v8op0ej5-lavnodgx,melpa,melpa_emacs
0n4gx0br-ov5m96nw-eyg6d8lk-3ey7jzwa,tenacity,TenacityAudio
ax8emk7l-nw54q75j-9gmpgyvj-0o93zdrb,vadimdemedes,vadimdemedes
x8k03rey-d5agmq5j-bok6lbwo-z7j4nxv9,oc-shopaholic,oc_shopaholic
rmvrwng4-kj03dpbn-g99pz57o-yl9e8xba,tiptap,tiptap_editor
vedj9wro-z3a56d3w-3zlp7blg-8x4m0ykn,react-play,ReactPlayIO
8k03reyd-5agmq5ez-7zgqlbwo-z7j4nxv9,resuminator,resuminator
mywxoz34-09rl6kg7-8olpvenb-dj7gk85a,reactphp,reactphp
8a47byg9-nxozdp8n-78vpmjlv-03rek5w8,organicmaps,OrganicMapsApp
88rzownx-l9e50px4-nzk6ymvb-dgk7j43a,castle-engine,castleengine
y7mywxoz-3409rl6k-ey6venbd-j7gk85ag,telegraf,telegrafjs
5ax8emk7-lnw54q75-a4ypgyvj-0o93zdrb,haxe,haxe_org
7mywxoz3-409rl6km-y5wpvenb-dj7gk85a,lawnchair,lawnchairapp
mlo94zn7-x08dpobw-rbmqewga-3vjbrky5,catppuccin,catppuccintheme
3kzxy4v0-7wlr6mk4-3e7qmj9n-o8agdbe5,rustforweb,RustForWeb
9eeng0kz-dyvor4pz-zgpbma83-7xlw95jl,gdljs,gdl_js
eng0kzdy-vor4pz8g-xyopbma8-37xlw95j,lobehub,lobehub
7ywz9j4a-vgod8pgn-336mr35n-xklb0e7a,userfrosting,userfrosting
88rzownx-l9e50pxj-bab6ymvb-dgk7j43a,json-schema,jsonschema
7mywxoz3-409rl6kr-gawqvenb-dj7gk85a,pixieditor,PixiEditor
3z8arxve-ymko60yo-8l5qgl5n-bj9w704d,mapletestimony,MapleTestimony
8a47byg9-nxozdp8j-387qmjlv-03rek5w8,simplex-chat,SimplexChat
eeng0kzd-yvor4pz4-krgqbma8-37xlw95j,nestdotland,nestdotland
v349mrwg-z75lpy78-7g5pa08d-jeybknox,sygil_dev,Sygil_Dev
ynmlo94z-n7x08dpo-vw6ewga3-vjbrky5m,ant-design,AntDesignUI
lk9mbw7y-48r3zq3d-gy8p0ej5-lavnodgx,cassandre-tech,CassandreTech
nmlo94zn-7x08dpoe-35oqewga-3vjbrky5,spaceship-prompt,SpaceshipPrompt
3k0exgzn-m8yj64ra-vj7p5wao-9r7b4dlv,buggregator,buggregator
dgm9bnk8-0437xqry-drmpvzeo-ljdayw5r,redux-form,reduxform
re0adkjr-v8xwm697-b3lq7z5n-4l93bgoy,mastodon,MastodonProject
eejoxl3a-z45w9pa4-4zkpy870-mgkbrvdn,badaso,badaso_builder
03k0exgz-nm8yj64k-83mq5wao-9r7b4dlv,linkace,LinkAceApp
rmvrwng4-kj03dpbm-3zqz57oy-l9e8xbaj,openwhyd,open_whyd
dgm9bnk8-0437xqrb-elk6vzeo-ljdayw5r,chatwoot,chatwootapp
mlo94zn7-x08dpo0y-50mpewga-3vjbrky5,axe-api,axeapi
eejoxl3a-z45w9paw-0ow6y870-mgkbrvdn,jamstatic,jamstatic_fr
8a47byg9-nxozdp8y-ly9qmjlv-03rek5w8,solidus,SolidusIO
703k0exg-znm8yj64-j565wao9-r7b4dlvr,dim,ThisIsDIM
lk9mbw7y-48r3zq3m-gddp0ej5-lavnodgx,logseq,logseq
wov349mr-wgz75lpy-mzpa08dj-eybknoxd,webpack,webpack
